face_uid,gender,age_range,confidence,first_seen,last_seen
FACE_956677,female,60-98,69.1974,2025-12-25 13:20:51,2025-12-25 13:21:09
FACE_614740,male,42-48,86.1852,2025-10-05 05:17:58,2025-10-05 05:18:09
FACE_859680,male,25-30,60.8019,2025-11-06 08:06:00,2025-11-06 08:06:03
FACE_356096,female,06-20,93.7874,2025-01-25 17:20:44,2025-01-25 17:20:46
FACE_509714,female,06-20,71.6826,2025-05-06 21:09:46,2025-05-06 21:09:57
FACE_882809,male,42-48,77.1883,2025-11-18 13:52:59,2025-11-18 13:53:20
FACE_833457,male,25-30,66.5352,2025-07-04 03:40:44,2025-07-04 03:40:50
FACE_943292,female,60-98,90.7065,2025-07-28 13:05:14,2025-07-28 13:05:18
FACE_158221,male,42-48,76.1147,2025-08-24 23:49:25,2025-08-24 23:49:50
FACE_86022,male,42-48,71.2754,2025-02-16 12:34:11,2025-02-16 12:34:13
FACE_125007,male,42-48,70.9957,2025-07-20 18:43:01,2025-07-20 18:43:11
FACE_897167,male,60-98,68.6746,2025-01-09 16:56:22,2025-01-09 16:56:26
FACE_119644,female,60-98,94.6074,2025-11-01 23:59:35,2025-11-02 00:00:03
FACE_775247,male,42-48,74.0313,2025-08-02 09:04:04,2025-08-02 09:04:11
FACE_151012,male,42-48,95.8764,2025-06-22 22:05:23,2025-06-22 22:05:25
FACE_505441,male,42-48,81.1713,2025-02-18 23:44:51,2025-02-18 23:45:07
FACE_541423,male,60-98,84.1612,2025-01-07 17:41:56,2025-01-07 17:42:18
FACE_99926,male,60-98,92.5283,2025-02-12 18:01:06,2025-02-12 18:01:11
FACE_872597,female,06-20,88.6775,2025-04-30 18:51:15,2025-04-30 18:51:38
FACE_757269,female,60-98,80.0783,2025-08-26 09:08:24,2025-08-26 09:08:36
FACE_822323,male,25-30,64.1413,2025-05-19 15:20:54,2025-05-19 15:21:12
FACE_950709,male,42-48,86.3249,2025-09-12 16:39:12,2025-09-12 16:39:15
FACE_155874,male,25-30,68.9336,2025-11-27 04:50:00,2025-11-27 04:50:18
FACE_686244,female,42-48,60.1924,2025-02-19 12:12:35,2025-02-19 12:13:00
FACE_624025,female,42-48,71.2127,2025-12-28 14:40:15,2025-12-28 14:40:31
FACE_49959,female,25-30,85.249,2025-05-08 04:02:42,2025-05-08 04:03:01
FACE_301993,male,06-20,78.0493,2025-10-17 22:29:05,2025-10-17 22:29:05
FACE_830480,female,60-98,89.8816,2025-10-17 20:57:36,2025-10-17 20:58:02
FACE_418426,female,06-20,73.6904,2025-07-19 11:51:08,2025-07-19 11:51:25
FACE_291570,female,25-30,97.1208,2025-11-27 06:30:51,2025-11-27 06:30:57
FACE_542486,male,60-98,82.1124,2025-10-20 21:30:06,2025-10-20 21:30:26
FACE_615364,male,25-30,93.8322,2025-04-03 05:54:11,2025-04-03 05:54:31
FACE_499820,male,60-98,76.2481,2025-01-31 10:47:06,2025-01-31 10:47:26
FACE_360876,female,06-20,80.1073,2025-02-02 16:38:11,2025-02-02 16:38:13
FACE_854408,female,42-48,96.6993,2025-03-31 16:30:06,2025-03-31 16:30:23
FACE_848489,male,06-20,96.7158,2025-06-04 11:22:56,2025-06-04 11:22:57
FACE_576930,male,42-48,97.2815,2025-07-14 07:23:56,2025-07-14 07:24:17
FACE_312130,male,06-20,81.9596,2025-03-29 11:45:45,2025-03-29 11:45:56
FACE_484013,female,42-48,61.7432,2025-05-01 12:34:59,2025-05-01 12:35:07
FACE_474637,male,25-30,88.2291,2025-06-30 15:37:45,2025-06-30 15:38:08
FACE_282460,male,06-20,66.0334,2025-05-10 03:30:42,2025-05-10 03:30:42
FACE_430907,male,42-48,71.1381,2025-08-10 06:00:41,2025-08-10 06:00:57
FACE_209775,female,06-20,94.9892,2025-05-03 18:53:00,2025-05-03 18:53:16
FACE_827830,male,42-48,93.9566,2025-12-21 22:10:49,2025-12-21 22:10:58
FACE_848503,female,60-98,75.8636,2025-11-07 21:06:58,2025-11-07 21:07:03
FACE_27516,male,60-98,63.9396,2025-11-25 20:45:48,2025-11-25 20:45:53
FACE_563952,male,25-30,69.6607,2025-11-18 03:54:36,2025-11-18 03:54:59
FACE_158167,female,25-30,78.3163,2025-10-16 21:26:46,2025-10-16 21:27:06
FACE_599885,female,60-98,66.9267,2025-11-07 19:38:03,2025-11-07 19:38:19
FACE_299408,male,60-98,72.0856,2025-07-16 01:45:14,2025-07-16 01:45:28
FACE_779670,male,60-98,71.5574,2025-06-27 22:20:50,2025-06-27 22:21:07
FACE_627409,female,42-48,93.0129,2025-05-28 09:22:34,2025-05-28 09:22:43
FACE_206168,male,06-20,87.4559,2025-08-27 07:25:32,2025-08-27 07:25:59
FACE_248134,female,25-30,88.0947,2025-05-14 11:22:40,2025-05-14 11:22:53
FACE_3297,female,25-30,74.7041,2025-09-26 18:48:46,2025-09-26 18:48:49
FACE_547819,male,25-30,71.323,2025-08-20 06:04:22,2025-08-20 06:04:26
FACE_844357,male,60-98,62.8754,2025-06-28 21:34:05,2025-06-28 21:34:16
FACE_280686,female,42-48,94.1121,2025-09-30 21:59:44,2025-09-30 22:00:06
FACE_40611,male,06-20,73.1098,2025-11-21 16:54:07,2025-11-21 16:54:37
FACE_625306,male,06-20,96.7904,2025-04-05 14:08:05,2025-04-05 14:08:16
FACE_951735,male,25-30,82.4977,2025-02-08 22:26:26,2025-02-08 22:26:26
FACE_392307,male,06-20,87.3678,2025-05-23 03:58:56,2025-05-23 03:59:07
FACE_519851,female,42-48,96.6006,2025-12-08 13:35:53,2025-12-08 13:36:12
FACE_781931,female,42-48,84.0917,2025-02-09 17:17:48,2025-02-09 17:18:06
FACE_185898,female,60-98,60.3273,2025-12-11 17:29:02,2025-12-11 17:29:13
FACE_283183,female,06-20,94.9308,2025-10-01 03:33:02,2025-10-01 03:33:10
FACE_920270,male,25-30,96.0915,2025-12-23 17:58:24,2025-12-23 17:58:26
FACE_91365,male,42-48,61.3936,2025-09-24 15:50:36,2025-09-24 15:50:51
FACE_121766,male,25-30,85.8212,2025-06-04 20:28:15,2025-06-04 20:28:20
FACE_260450,male,60-98,76.7109,2025-09-02 23:26:30,2025-09-02 23:26:40
FACE_121559,male,60-98,84.8311,2025-01-14 19:20:47,2025-01-14 19:20:58
FACE_683085,male,06-20,60.9508,2025-06-27 18:16:40,2025-06-27 18:17:10
FACE_117752,male,25-30,84.8593,2025-03-17 10:53:24,2025-03-17 10:53:45
FACE_791119,male,06-20,95.3501,2025-03-11 12:10:01,2025-03-11 12:10:10
FACE_185948,female,60-98,94.7044,2025-12-06 01:15:27,2025-12-06 01:15:39
FACE_892189,male,25-30,64.1436,2025-10-07 05:06:42,2025-10-07 05:06:44
FACE_6711,female,42-48,72.6902,2025-08-26 05:40:05,2025-08-26 05:40:35
FACE_299029,female,42-48,82.4202,2025-11-07 21:12:42,2025-11-07 21:12:57
FACE_220513,female,06-20,94.4716,2025-04-27 10:20:42,2025-04-27 10:21:00
FACE_161672,male,25-30,83.2589,2025-04-14 07:13:15,2025-04-14 07:13:42
FACE_610582,male,06-20,88.534,2025-08-04 02:16:39,2025-08-04 02:17:01
FACE_868551,male,42-48,70.1245,2025-05-26 12:34:47,2025-05-26 12:34:55
FACE_362016,female,42-48,68.6799,2025-10-10 04:34:53,2025-10-10 04:35:01
FACE_602190,female,42-48,84.4372,2025-05-13 03:19:54,2025-05-13 03:19:58
FACE_822960,female,42-48,76.9636,2025-04-26 13:21:40,2025-04-26 13:21:57
FACE_183010,female,42-48,93.8834,2025-11-24 01:22:39,2025-11-24 01:22:48
FACE_135058,female,42-48,84.9799,2025-08-30 19:48:52,2025-08-30 19:48:54
FACE_984706,female,42-48,80.8097,2025-12-23 02:16:37,2025-12-23 02:16:53
FACE_712717,male,42-48,67.7705,2025-04-07 07:00:35,2025-04-07 07:00:51
FACE_591778,male,25-30,66.5076,2025-12-05 03:55:00,2025-12-05 03:55:21
FACE_137333,female,25-30,67.4332,2025-11-23 23:00:04,2025-11-23 23:00:21
FACE_334012,male,60-98,82.7212,2025-10-23 10:38:54,2025-10-23 10:39:09
FACE_977859,male,25-30,96.9576,2025-12-22 02:00:35,2025-12-22 02:00:55
FACE_831906,male,60-98,93.2139,2025-06-30 05:06:17,2025-06-30 05:06:24
FACE_589515,male,42-48,62.8504,2025-11-10 00:59:09,2025-11-10 00:59:20
FACE_89159,female,06-20,83.0533,2025-04-12 12:00:04,2025-04-12 12:00:13
FACE_308825,female,25-30,80.6427,2025-11-19 09:24:09,2025-11-19 09:24:29
FACE_500182,female,42-48,82.7157,2025-04-05 00:19:47,2025-04-05 00:20:13
FACE_439733,male,06-20,87.5483,2025-08-04 13:02:52,2025-08-04 13:03:00
FACE_80032,male,42-48,82.1459,2025-11-25 19:29:57,2025-11-25 19:30:16
FACE_23293,male,06-20,86.7472,2025-03-05 21:14:29,2025-03-05 21:14:55
FACE_377889,male,60-98,79.2868,2025-08-06 20:06:42,2025-08-06 20:06:47
FACE_407243,male,25-30,72.8434,2025-05-13 13:53:04,2025-05-13 13:53:33
FACE_273782,female,42-48,85.4275,2025-04-18 05:09:43,2025-04-18 05:09:49
FACE_413363,female,42-48,96.9649,2025-09-06 08:34:08,2025-09-06 08:34:26
FACE_177326,female,42-48,85.7339,2025-08-14 16:09:04,2025-08-14 16:09:27
FACE_48391,male,60-98,67.9937,2025-02-16 14:13:22,2025-02-16 14:13:39
FACE_992415,male,06-20,82.6848,2025-04-04 12:08:13,2025-04-04 12:08:42
FACE_483434,male,06-20,67.3616,2025-11-13 02:22:02,2025-11-13 02:22:15
FACE_995837,male,42-48,65.5311,2025-03-05 03:39:36,2025-03-05 03:40:06
FACE_766425,male,06-20,95.6249,2025-02-04 12:04:04,2025-02-04 12:04:07
FACE_1450,female,60-98,64.2503,2025-06-06 07:07:18,2025-06-06 07:07:40
FACE_810270,male,42-48,92.4318,2025-12-11 11:44:13,2025-12-11 11:44:34
FACE_167223,female,06-20,64.0252,2025-11-09 20:09:46,2025-11-09 20:09:56
FACE_803338,female,06-20,81.7165,2025-01-11 14:22:15,2025-01-11 14:22:39
FACE_736153,female,25-30,97.5139,2025-10-29 01:08:03,2025-10-29 01:08:14
FACE_433661,female,60-98,95.8255,2025-10-15 10:38:15,2025-10-15 10:38:25
FACE_436925,female,60-98,73.0918,2025-08-15 19:42:24,2025-08-15 19:42:36
FACE_540523,male,60-98,83.7176,2025-01-28 15:42:46,2025-01-28 15:43:15
FACE_694550,male,42-48,62.3434,2025-09-10 03:23:06,2025-09-10 03:23:09
FACE_222343,male,60-98,88.0843,2025-02-25 15:10:05,2025-02-25 15:10:09
FACE_743434,male,06-20,70.8755,2025-01-30 19:57:01,2025-01-30 19:57:29
FACE_807200,male,25-30,73.4706,2025-05-18 03:41:25,2025-05-18 03:41:46
FACE_543912,female,42-48,81.0303,2025-10-11 04:11:56,2025-10-11 04:12:25
FACE_615338,female,42-48,81.4551,2025-08-24 03:55:52,2025-08-24 03:56:03
FACE_60156,male,06-20,80.3528,2025-07-17 09:52:02,2025-07-17 09:52:23
FACE_207290,female,60-98,97.4688,2025-08-02 05:30:24,2025-08-02 05:30:53
FACE_844551,female,42-48,70.1788,2025-07-17 06:35:45,2025-07-17 06:35:56
FACE_108768,male,25-30,83.4413,2025-05-31 12:18:51,2025-05-31 12:19:11
FACE_451826,male,25-30,80.0271,2025-06-07 10:31:50,2025-06-07 10:32:03
FACE_967040,female,60-98,77.5696,2025-05-05 02:49:30,2025-05-05 02:49:43
FACE_349194,female,42-48,92.9582,2025-06-11 17:00:15,2025-06-11 17:00:41
FACE_288115,male,06-20,86.31,2025-07-12 18:34:52,2025-07-12 18:35:03
FACE_523174,male,60-98,90.982,2025-07-05 23:36:25,2025-07-05 23:36:33
FACE_487437,female,06-20,60.7948,2025-05-20 14:46:43,2025-05-20 14:47:07
FACE_998559,male,60-98,88.4103,2025-10-06 23:14:51,2025-10-06 23:15:11
FACE_522139,male,25-30,64.4732,2025-10-03 07:08:57,2025-10-03 07:09:19
FACE_581511,female,60-98,85.0877,2025-04-18 20:12:03,2025-04-18 20:12:31
FACE_150771,female,06-20,66.4013,2025-07-29 16:21:36,2025-07-29 16:21:42
FACE_418473,female,25-30,66.5116,2025-05-19 17:03:01,2025-05-19 17:03:31
FACE_443207,female,06-20,75.3077,2025-09-17 16:13:46,2025-09-17 16:13:56
FACE_351146,female,42-48,85.7268,2025-01-21 13:07:44,2025-01-21 13:07:46
FACE_463022,female,60-98,83.1898,2025-05-05 14:03:17,2025-05-05 14:03:45
FACE_969373,female,60-98,64.7087,2025-06-18 01:23:21,2025-06-18 01:23:27
FACE_899085,male,42-48,70.3083,2025-04-24 15:19:34,2025-04-24 15:20:04
FACE_667705,female,25-30,63.8047,2025-04-25 01:07:47,2025-04-25 01:07:47
FACE_448857,female,42-48,74.4243,2025-12-09 23:58:04,2025-12-09 23:58:06
FACE_358489,female,42-48,78.8757,2025-12-02 06:56:18,2025-12-02 06:56:35
FACE_883999,female,42-48,80.8795,2025-01-17 17:16:17,2025-01-17 17:16:26
FACE_594179,male,06-20,74.9452,2025-04-03 21:35:31,2025-04-03 21:35:53
FACE_541464,female,42-48,61.178,2025-10-13 10:42:45,2025-10-13 10:43:04
FACE_455142,female,42-48,88.4067,2025-06-09 08:35:48,2025-06-09 08:36:16
FACE_582150,male,25-30,90.3126,2025-03-03 14:39:17,2025-03-03 14:39:38
FACE_613853,female,60-98,64.8223,2025-05-17 06:43:06,2025-05-17 06:43:16
FACE_559757,male,60-98,61.3138,2025-06-02 22:50:18,2025-06-02 22:50:47
FACE_183888,female,25-30,82.6887,2025-09-25 17:49:34,2025-09-25 17:49:37
FACE_708969,male,42-48,97.7777,2025-08-19 15:27:00,2025-08-19 15:27:00
FACE_661895,female,42-48,66.7541,2025-04-29 06:56:59,2025-04-29 06:57:18
FACE_432127,female,42-48,77.8225,2025-04-26 09:16:38,2025-04-26 09:16:46
FACE_56720,male,06-20,82.4785,2025-01-06 19:41:10,2025-01-06 19:41:11
FACE_454979,female,25-30,84.5525,2025-09-21 08:52:18,2025-09-21 08:52:30
FACE_382363,female,06-20,73.1315,2025-10-06 00:35:45,2025-10-06 00:35:49
FACE_380785,male,25-30,77.3613,2025-06-16 17:36:25,2025-06-16 17:36:39
FACE_141482,male,60-98,65.5815,2025-01-24 21:27:03,2025-01-24 21:27:23
FACE_715748,female,60-98,84.3364,2025-08-03 23:30:37,2025-08-03 23:30:54
FACE_611547,male,42-48,62.0829,2025-02-12 03:31:31,2025-02-12 03:31:59
FACE_289726,female,42-48,94.6656,2025-02-24 13:29:02,2025-02-24 13:29:16
FACE_18432,male,42-48,92.9264,2025-05-10 03:17:25,2025-05-10 03:17:45
FACE_289116,female,60-98,91.4798,2025-05-09 09:49:44,2025-05-09 09:49:46
FACE_30079,male,06-20,63.1541,2025-12-18 14:08:15,2025-12-18 14:08:35
FACE_463576,female,42-48,73.0114,2025-11-28 16:14:26,2025-11-28 16:14:29
FACE_51417,male,25-30,88.2,2025-07-10 14:29:19,2025-07-10 14:29:48
FACE_844636,female,42-48,78.0812,2025-02-25 13:20:57,2025-02-25 13:21:22
FACE_421246,male,60-98,62.6429,2025-04-14 20:55:14,2025-04-14 20:55:37
FACE_982425,female,60-98,81.815,2025-10-09 13:36:27,2025-10-09 13:36:32
FACE_396055,female,60-98,65.8197,2025-04-22 10:27:59,2025-04-22 10:28:12
FACE_23175,female,25-30,64.5419,2025-02-03 10:09:49,2025-02-03 10:09:59
FACE_346135,male,25-30,67.4427,2025-10-20 16:47:04,2025-10-20 16:47:30
FACE_747989,male,60-98,91.7519,2025-03-22 20:37:23,2025-03-22 20:37:48
FACE_845614,male,25-30,77.6007,2025-07-19 09:56:30,2025-07-19 09:56:43
FACE_505473,female,42-48,62.2843,2025-06-01 09:23:34,2025-06-01 09:23:47
FACE_107066,male,06-20,67.1047,2025-10-19 15:25:52,2025-10-19 15:25:52
FACE_442597,female,42-48,97.4532,2025-10-23 21:40:58,2025-10-23 21:41:05
FACE_36228,female,25-30,68.7886,2025-12-27 04:37:50,2025-12-27 04:38:14
FACE_735103,male,42-48,70.0826,2025-11-09 00:27:36,2025-11-09 00:27:53
FACE_249253,female,42-48,97.4443,2025-08-23 13:26:07,2025-08-23 13:26:35
FACE_286390,male,42-48,92.7925,2025-11-11 10:09:30,2025-11-11 10:09:44
FACE_214212,female,06-20,82.2971,2025-10-25 00:26:07,2025-10-25 00:26:14
FACE_236526,male,25-30,75.6593,2025-04-09 21:54:11,2025-04-09 21:54:21
FACE_160634,male,60-98,70.6546,2025-02-10 02:19:27,2025-02-10 02:19:56
FACE_799033,male,60-98,84.0532,2025-10-01 14:39:38,2025-10-01 14:39:57
FACE_790547,male,60-98,66.025,2025-03-13 08:34:29,2025-03-13 08:34:51
FACE_794824,female,42-48,74.0259,2025-05-12 02:43:43,2025-05-12 02:44:00
FACE_366396,female,06-20,89.5846,2025-02-02 12:38:37,2025-02-02 12:38:48
FACE_239160,male,06-20,82.4087,2025-09-26 01:00:17,2025-09-26 01:00:30
FACE_280284,male,42-48,72.719,2025-05-23 08:51:13,2025-05-23 08:51:39
FACE_640198,male,60-98,79.7292,2025-09-21 23:24:41,2025-09-21 23:24:51
FACE_44840,female,25-30,76.1231,2025-12-28 12:28:44,2025-12-28 12:29:11
FACE_328478,female,25-30,69.1678,2025-09-15 21:40:57,2025-09-15 21:41:17
FACE_591483,male,25-30,89.631,2025-12-25 12:01:46,2025-12-25 12:01:48
FACE_307534,female,60-98,69.6433,2025-12-16 16:21:47,2025-12-16 16:22:09
FACE_635451,female,06-20,84.061,2025-11-16 16:41:44,2025-11-16 16:42:06
FACE_495470,female,25-30,82.1234,2025-01-04 16:04:10,2025-01-04 16:04:21
FACE_17724,male,60-98,81.3735,2025-08-18 18:36:32,2025-08-18 18:36:51
FACE_569279,female,25-30,81.0796,2025-04-29 11:48:59,2025-04-29 11:49:09
FACE_469785,female,25-30,67.3889,2025-10-27 13:31:09,2025-10-27 13:31:32
FACE_943743,female,60-98,68.1507,2025-10-03 03:25:29,2025-10-03 03:25:51
FACE_322203,male,60-98,93.2819,2025-07-07 17:24:50,2025-07-07 17:25:14
FACE_92142,male,42-48,90.8228,2025-08-19 10:19:41,2025-08-19 10:19:55
FACE_163823,female,42-48,69.4325,2025-03-12 08:19:51,2025-03-12 08:19:53
FACE_413622,male,60-98,81.2286,2025-12-05 15:59:37,2025-12-05 16:00:03
FACE_846391,female,25-30,97.8209,2025-01-04 23:15:58,2025-01-04 23:16:28
FACE_149517,male,60-98,92.3301,2025-07-28 00:46:30,2025-07-28 00:46:31
FACE_691049,male,42-48,97.3532,2025-08-15 12:24:52,2025-08-15 12:25:03
FACE_387925,male,25-30,84.9584,2025-07-02 06:40:43,2025-07-02 06:41:03
FACE_414917,female,60-98,60.6176,2025-05-11 15:54:32,2025-05-11 15:54:36
FACE_996669,female,06-20,91.9954,2025-06-26 23:42:45,2025-06-26 23:43:10
FACE_858671,female,60-98,68.5134,2025-06-21 10:53:05,2025-06-21 10:53:32
FACE_859538,male,42-48,66.5344,2025-01-01 17:39:05,2025-01-01 17:39:17
FACE_25442,female,06-20,64.0593,2025-06-17 10:49:34,2025-06-17 10:49:39
FACE_932641,female,42-48,96.2771,2025-03-30 08:53:14,2025-03-30 08:53:20
FACE_724274,male,06-20,90.174,2025-10-27 06:00:13,2025-10-27 06:00:37
FACE_220727,male,60-98,76.8405,2025-10-24 07:23:45,2025-10-24 07:23:47
FACE_822855,female,25-30,73.7567,2025-06-20 06:04:36,2025-06-20 06:04:36
FACE_105371,female,60-98,82.5842,2025-09-15 05:35:10,2025-09-15 05:35:26
FACE_962622,male,42-48,60.3414,2025-04-13 14:19:33,2025-04-13 14:19:59
FACE_796643,male,60-98,70.3738,2025-11-12 22:09:07,2025-11-12 22:09:19
FACE_659527,female,06-20,64.882,2025-02-27 00:40:24,2025-02-27 00:40:36
FACE_539467,male,42-48,64.5012,2025-11-08 04:22:02,2025-11-08 04:22:19
FACE_179096,female,42-48,73.9798,2025-03-15 10:48:34,2025-03-15 10:48:59
FACE_620746,female,60-98,97.463,2025-03-15 14:28:45,2025-03-15 14:28:54
FACE_157726,female,06-20,69.5472,2025-03-02 03:11:06,2025-03-02 03:11:24
FACE_550516,male,60-98,89.9064,2025-03-09 00:33:20,2025-03-09 00:33:30
FACE_549496,male,42-48,80.2843,2025-01-27 15:56:35,2025-01-27 15:56:35
FACE_884758,male,06-20,95.2798,2025-11-21 20:38:21,2025-11-21 20:38:26
FACE_915739,male,42-48,70.3802,2025-11-15 09:50:34,2025-11-15 09:50:35
FACE_894076,male,42-48,90.9003,2025-01-16 07:04:35,2025-01-16 07:04:57
FACE_139937,female,42-48,63.4191,2025-01-11 00:50:18,2025-01-11 00:50:39
FACE_175759,male,06-20,97.6687,2025-11-20 02:04:08,2025-11-20 02:04:23
FACE_767136,male,42-48,62.1008,2025-06-04 00:38:16,2025-06-04 00:38:22
FACE_779902,female,06-20,67.2619,2025-02-13 09:34:25,2025-02-13 09:34:36
FACE_605343,male,06-20,85.8008,2025-06-06 08:18:38,2025-06-06 08:18:50
FACE_795860,female,25-30,88.7007,2025-05-03 08:43:47,2025-05-03 08:43:57
FACE_206243,male,42-48,94.8948,2025-08-09 08:22:38,2025-08-09 08:22:38
FACE_204561,female,06-20,80.4871,2025-03-26 03:51:10,2025-03-26 03:51:34
FACE_197414,male,06-20,86.5955,2025-12-07 06:42:26,2025-12-07 06:42:48
FACE_376239,male,25-30,67.873,2025-01-15 12:11:47,2025-01-15 12:11:49
FACE_616086,female,42-48,94.5739,2025-08-03 21:17:12,2025-08-03 21:17:28
FACE_243939,male,60-98,95.5782,2025-09-17 06:04:15,2025-09-17 06:04:33
FACE_885710,male,60-98,69.5226,2025-10-28 07:20:33,2025-10-28 07:20:57
FACE_21499,female,60-98,68.3309,2025-09-28 08:11:40,2025-09-28 08:11:54
FACE_301683,male,06-20,70.2037,2025-08-15 19:49:56,2025-08-15 19:50:25
FACE_812165,female,42-48,95.1054,2025-02-19 07:40:50,2025-02-19 07:41:11
FACE_511051,female,60-98,85.8625,2025-06-19 16:52:49,2025-06-19 16:53:11
FACE_135644,male,60-98,82.632,2025-09-03 11:17:03,2025-09-03 11:17:11
FACE_930417,male,25-30,66.0843,2025-01-18 06:26:49,2025-01-18 06:27:11
FACE_204836,male,42-48,78.5718,2025-07-08 07:34:28,2025-07-08 07:34:34
FACE_851160,female,60-98,78.6025,2025-01-04 09:53:56,2025-01-04 09:54:14
FACE_546412,female,42-48,89.6647,2025-10-08 21:58:31,2025-10-08 21:58:50
FACE_858081,female,25-30,69.6385,2025-04-04 20:44:15,2025-04-04 20:44:24
FACE_116841,female,60-98,90.4303,2025-07-23 16:23:40,2025-07-23 16:23:57
FACE_420053,female,42-48,62.4619,2025-07-16 05:47:29,2025-07-16 05:47:32
FACE_182542,female,25-30,62.9222,2025-05-12 07:51:49,2025-05-12 07:51:49
FACE_834320,male,60-98,73.9725,2025-07-30 18:28:10,2025-07-30 18:28:12
FACE_465345,male,06-20,69.9935,2025-12-07 02:28:24,2025-12-07 02:28:45
FACE_572959,female,25-30,75.6255,2025-03-13 20:43:33,2025-03-13 20:43:34
FACE_197704,male,60-98,94.8623,2025-01-13 01:18:06,2025-01-13 01:18:36
FACE_229246,female,25-30,94.6584,2025-07-20 13:51:25,2025-07-20 13:51:51
FACE_716056,male,60-98,76.7026,2025-03-07 15:45:21,2025-03-07 15:45:51
FACE_290693,female,06-20,90.4578,2025-04-09 19:52:51,2025-04-09 19:53:14
FACE_476108,female,06-20,74.7442,2025-11-20 17:40:51,2025-11-20 17:41:19
FACE_142500,male,60-98,67.1983,2025-08-16 15:03:40,2025-08-16 15:04:02
FACE_500145,female,60-98,93.249,2025-09-30 06:09:21,2025-09-30 06:09:39
FACE_562064,female,06-20,71.8216,2025-08-25 04:01:49,2025-08-25 04:02:01
FACE_832026,female,42-48,85.9824,2025-05-18 08:29:57,2025-05-18 08:30:09
FACE_272065,female,60-98,65.5507,2025-09-05 09:48:19,2025-09-05 09:48:36
FACE_518557,female,42-48,73.3762,2025-10-31 20:01:00,2025-10-31 20:01:02
FACE_974414,male,06-20,68.7511,2025-07-22 10:31:27,2025-07-22 10:31:44
FACE_800967,female,06-20,60.4797,2025-11-18 02:32:11,2025-11-18 02:32:33
FACE_571028,female,06-20,83.6041,2025-11-16 03:32:34,2025-11-16 03:32:59
FACE_405423,male,60-98,73.6951,2025-04-13 09:45:08,2025-04-13 09:45:19
FACE_731856,male,60-98,63.0052,2025-08-20 01:10:46,2025-08-20 01:11:06
FACE_717941,male,60-98,67.1182,2025-02-19 02:38:06,2025-02-19 02:38:36
FACE_858254,female,42-48,73.2475,2025-03-30 18:09:09,2025-03-30 18:09:28
FACE_845,female,06-20,97.3533,2025-09-11 17:07:49,2025-09-11 17:07:58
FACE_528787,female,25-30,93.2684,2025-05-29 22:26:06,2025-05-29 22:26:25
FACE_655496,female,42-48,95.789,2025-02-15 04:47:33,2025-02-15 04:47:39
FACE_119604,male,25-30,85.4765,2025-11-09 13:32:34,2025-11-09 13:33:02
FACE_990781,male,60-98,91.6686,2025-10-23 07:07:57,2025-10-23 07:08:09
FACE_245865,female,42-48,88.4481,2025-01-13 09:39:15,2025-01-13 09:39:21
FACE_385905,male,25-30,70.916,2025-04-04 13:10:42,2025-04-04 13:10:51
FACE_370440,male,42-48,61.0536,2025-10-25 05:03:44,2025-10-25 05:04:12
FACE_777308,female,42-48,88.5243,2025-09-07 04:17:21,2025-09-07 04:17:23
FACE_306170,female,60-98,62.0412,2025-04-19 20:49:53,2025-04-19 20:50:01
FACE_784357,male,60-98,97.3941,2025-09-13 12:52:17,2025-09-13 12:52:17
FACE_627009,female,25-30,66.9031,2025-11-07 23:16:16,2025-11-07 23:16:18
FACE_186950,male,60-98,93.1889,2025-04-10 11:48:50,2025-04-10 11:49:01
FACE_628522,female,60-98,87.4068,2025-04-19 08:29:17,2025-04-19 08:29:27
FACE_528758,male,06-20,67.4131,2025-05-24 11:21:20,2025-05-24 11:21:25
FACE_528740,female,42-48,95.2813,2025-02-20 09:40:33,2025-02-20 09:41:01
FACE_193993,male,06-20,93.2868,2025-07-03 09:08:46,2025-07-03 09:08:50
FACE_114550,female,42-48,78.5041,2025-05-04 15:08:25,2025-05-04 15:08:53
FACE_230054,female,60-98,87.6087,2025-08-10 11:46:41,2025-08-10 11:46:48
FACE_238261,female,60-98,84.0962,2025-04-28 23:22:20,2025-04-28 23:22:42
FACE_263717,male,60-98,64.5789,2025-08-04 03:28:56,2025-08-04 03:29:14
FACE_453658,female,42-48,72.0668,2025-09-07 15:16:47,2025-09-07 15:17:10
FACE_864054,female,42-48,73.7022,2025-10-13 23:46:33,2025-10-13 23:46:42
FACE_810212,male,06-20,77.8345,2025-08-12 14:14:55,2025-08-12 14:15:01
FACE_631842,female,42-48,94.2465,2025-11-16 15:12:41,2025-11-16 15:12:43
FACE_596649,male,60-98,77.8207,2025-11-06 13:19:39,2025-11-06 13:20:07
FACE_93960,female,42-48,74.9853,2025-10-15 20:31:08,2025-10-15 20:31:23
FACE_872585,male,60-98,69.9369,2025-04-13 22:43:01,2025-04-13 22:43:09
FACE_31929,female,25-30,92.9622,2025-05-27 15:58:11,2025-05-27 15:58:17
FACE_995707,male,60-98,89.792,2025-12-08 21:49:03,2025-12-08 21:49:13
FACE_492598,female,06-20,67.6008,2025-01-23 22:28:53,2025-01-23 22:29:00
FACE_933722,female,60-98,95.7115,2025-01-11 16:03:27,2025-01-11 16:03:39
FACE_34608,female,25-30,79.1495,2025-08-05 14:46:48,2025-08-05 14:47:11
FACE_735621,male,42-48,73.6049,2025-08-23 10:35:51,2025-08-23 10:36:07
FACE_84080,female,06-20,91.1327,2025-12-12 17:27:48,2025-12-12 17:28:10
FACE_837013,female,06-20,75.765,2025-10-13 12:36:17,2025-10-13 12:36:22
FACE_815085,female,60-98,81.7676,2025-05-25 04:20:57,2025-05-25 04:21:07
FACE_527539,male,06-20,73.8498,2025-08-10 06:45:08,2025-08-10 06:45:13
FACE_719047,male,25-30,91.2673,2025-12-09 13:51:51,2025-12-09 13:52:20
FACE_575879,male,06-20,62.3984,2025-12-16 14:32:08,2025-12-16 14:32:19
FACE_511974,female,06-20,69.0913,2025-09-18 06:09:36,2025-09-18 06:09:48
FACE_116597,female,42-48,60.5092,2025-10-12 16:14:42,2025-10-12 16:15:08
FACE_108760,male,25-30,75.6137,2025-12-15 06:30:06,2025-12-15 06:30:10
FACE_188522,male,60-98,81.8631,2025-08-02 08:50:53,2025-08-02 08:51:14
FACE_126785,male,60-98,88.4591,2025-12-02 10:57:28,2025-12-02 10:57:35
FACE_794958,male,25-30,73.4042,2025-08-15 19:28:26,2025-08-15 19:28:34
FACE_890508,female,42-48,60.1062,2025-11-01 01:02:53,2025-11-01 01:02:54
FACE_755250,female,60-98,61.6838,2025-01-10 23:55:47,2025-01-10 23:56:13
FACE_842670,male,42-48,70.7272,2025-12-21 23:52:39,2025-12-21 23:52:55
FACE_230572,male,42-48,90.2332,2025-05-31 18:59:21,2025-05-31 18:59:48
FACE_410783,female,42-48,77.9948,2025-09-27 18:44:19,2025-09-27 18:44:39
FACE_109674,male,60-98,94.5895,2025-11-30 04:16:02,2025-11-30 04:16:27
FACE_968764,male,25-30,67.2927,2025-03-07 06:53:44,2025-03-07 06:54:00
FACE_176234,male,42-48,68.8192,2025-08-04 11:18:16,2025-08-04 11:18:32
FACE_908509,female,60-98,61.6015,2025-05-02 11:45:57,2025-05-02 11:46:25
FACE_738124,male,42-48,74.0501,2025-03-31 09:21:24,2025-03-31 09:21:36
FACE_737053,female,06-20,68.796,2025-05-17 16:02:18,2025-05-17 16:02:30
FACE_436273,male,60-98,80.3533,2025-11-13 19:16:41,2025-11-13 19:17:06
FACE_245874,female,42-48,75.5608,2025-07-14 13:04:04,2025-07-14 13:04:07
FACE_553356,female,06-20,82.607,2025-05-25 10:21:43,2025-05-25 10:22:08
FACE_846652,male,06-20,81.8619,2025-10-31 14:51:59,2025-10-31 14:52:15
FACE_873487,female,25-30,71.5449,2025-09-25 22:33:39,2025-09-25 22:34:08
FACE_537549,male,25-30,66.7384,2025-10-18 10:44:13,2025-10-18 10:44:38
FACE_679144,male,60-98,85.7222,2025-01-27 14:44:09,2025-01-27 14:44:11
FACE_747184,male,25-30,95.2018,2025-02-25 03:08:53,2025-02-25 03:09:06
FACE_254311,male,25-30,93.5186,2025-04-01 17:25:08,2025-04-01 17:25:25
FACE_516305,male,06-20,62.1903,2025-12-19 16:00:31,2025-12-19 16:01:01
FACE_934754,female,60-98,72.1475,2025-12-23 22:42:35,2025-12-23 22:42:48
FACE_905352,female,60-98,77.6308,2025-06-25 17:45:38,2025-06-25 17:45:40
FACE_149630,male,60-98,67.6428,2025-11-17 14:07:21,2025-11-17 14:07:30
FACE_200596,female,06-20,95.2711,2025-10-17 14:41:28,2025-10-17 14:41:40
FACE_731093,female,60-98,60.4214,2025-06-02 21:23:40,2025-06-02 21:23:56
FACE_833138,female,06-20,85.2832,2025-03-13 06:54:36,2025-03-13 06:54:55
FACE_468194,male,25-30,69.1624,2025-02-07 00:24:55,2025-02-07 00:25:21
FACE_987348,male,25-30,71.4975,2025-01-29 04:44:52,2025-01-29 04:44:54
FACE_797285,male,06-20,86.7405,2025-12-27 15:04:32,2025-12-27 15:04:43
FACE_683696,male,06-20,87.7894,2025-10-04 17:40:35,2025-10-04 17:40:36
FACE_354365,male,42-48,84.4201,2025-10-30 06:07:12,2025-10-30 06:07:29
FACE_893973,male,42-48,82.4624,2025-12-24 20:55:13,2025-12-24 20:55:23
FACE_457316,male,06-20,60.6682,2025-09-14 03:35:58,2025-09-14 03:36:09
FACE_462639,male,06-20,78.4091,2025-01-30 00:10:07,2025-01-30 00:10:12
FACE_647487,female,42-48,92.0238,2025-01-24 04:18:21,2025-01-24 04:18:40
FACE_339220,female,60-98,78.1014,2025-10-21 20:26:14,2025-10-21 20:26:21
FACE_157947,female,06-20,61.1435,2025-12-23 03:06:12,2025-12-23 03:06:42
FACE_81567,male,06-20,77.5027,2025-09-16 10:44:14,2025-09-16 10:44:24
FACE_696413,male,42-48,88.6852,2025-10-22 01:18:38,2025-10-22 01:18:46
FACE_797613,male,60-98,85.4951,2025-01-31 09:58:34,2025-01-31 09:58:46
FACE_806238,female,60-98,79.4421,2025-06-14 08:33:31,2025-06-14 08:33:51
FACE_58128,male,06-20,73.7385,2025-08-23 08:48:35,2025-08-23 08:48:55
FACE_487462,male,60-98,74.5514,2025-10-01 13:24:17,2025-10-01 13:24:35
FACE_164132,male,42-48,90.9185,2025-10-30 14:14:30,2025-10-30 14:14:53
FACE_891499,female,60-98,83.4923,2025-07-02 19:54:03,2025-07-02 19:54:28
FACE_553554,female,60-98,90.1529,2025-08-24 17:20:17,2025-08-24 17:20:47
FACE_839061,male,06-20,91.4768,2025-09-27 02:26:48,2025-09-27 02:27:06
FACE_88766,female,42-48,90.4102,2025-08-23 14:16:24,2025-08-23 14:16:30
FACE_278980,male,42-48,79.2913,2025-02-07 16:45:31,2025-02-07 16:45:37
FACE_840917,female,60-98,72.2208,2025-02-20 22:23:44,2025-02-20 22:23:45
FACE_538785,male,25-30,85.9552,2025-05-26 15:24:55,2025-05-26 15:25:10
FACE_714870,female,25-30,81.1981,2025-03-29 05:52:28,2025-03-29 05:52:55
FACE_377007,male,25-30,78.9817,2025-10-17 18:30:35,2025-10-17 18:30:59
FACE_638286,female,60-98,93.8435,2025-12-19 16:50:11,2025-12-19 16:50:41
FACE_754183,male,25-30,70.1992,2025-08-15 22:21:49,2025-08-15 22:22:13
FACE_47433,female,60-98,73.603,2025-08-11 05:36:29,2025-08-11 05:36:39
FACE_130461,female,42-48,77.1327,2025-04-29 03:53:52,2025-04-29 03:54:18
FACE_401118,female,42-48,86.754,2025-11-17 01:47:21,2025-11-17 01:47:31
FACE_564362,female,42-48,82.442,2025-10-20 13:38:10,2025-10-20 13:38:24
FACE_86602,male,25-30,93.7391,2025-11-12 04:32:29,2025-11-12 04:32:29
FACE_757842,female,60-98,89.4954,2025-01-29 18:57:01,2025-01-29 18:57:04
FACE_824585,female,60-98,72.4477,2025-02-21 10:40:29,2025-02-21 10:40:36
FACE_309981,male,25-30,84.3234,2025-08-16 16:27:06,2025-08-16 16:27:25
FACE_242795,male,06-20,89.3107,2025-03-17 08:06:42,2025-03-17 08:06:47
FACE_293497,female,25-30,63.1605,2025-09-07 03:54:53,2025-09-07 03:55:20
FACE_294841,male,06-20,85.1137,2025-03-19 08:46:29,2025-03-19 08:46:53
FACE_649476,male,42-48,63.1381,2025-08-08 16:30:48,2025-08-08 16:31:02
FACE_147174,female,25-30,94.1308,2025-04-10 10:04:03,2025-04-10 10:04:12
FACE_768677,female,42-48,63.5737,2025-07-02 18:46:52,2025-07-02 18:47:13
FACE_852409,female,06-20,70.2223,2025-03-13 22:32:06,2025-03-13 22:32:36
FACE_777379,female,06-20,80.7747,2025-06-19 04:15:58,2025-06-19 04:16:09
FACE_445201,male,42-48,67.5899,2025-01-13 03:48:39,2025-01-13 03:49:01
FACE_572805,male,42-48,84.1408,2025-05-12 11:02:11,2025-05-12 11:02:16
FACE_162246,male,60-98,77.0443,2025-02-06 01:23:31,2025-02-06 01:23:44
FACE_870817,female,42-48,83.308,2025-04-19 21:58:58,2025-04-19 21:59:01
FACE_568601,male,06-20,94.2056,2025-11-09 19:33:15,2025-11-09 19:33:18
FACE_823924,female,06-20,96.2792,2025-01-27 01:51:49,2025-01-27 01:52:07
FACE_230280,female,25-30,95.026,2025-04-06 04:44:48,2025-04-06 04:45:05
FACE_618558,female,25-30,74.7549,2025-10-13 07:15:43,2025-10-13 07:15:43
FACE_781970,male,06-20,65.3145,2025-07-05 01:12:10,2025-07-05 01:12:27
FACE_411371,female,25-30,81.2614,2025-12-08 16:34:49,2025-12-08 16:35:01
FACE_133814,male,25-30,90.6547,2025-09-18 07:39:15,2025-09-18 07:39:28
FACE_792683,female,25-30,72.4681,2025-05-12 12:26:38,2025-05-12 12:26:54
FACE_167150,female,42-48,66.1718,2025-07-05 16:11:31,2025-07-05 16:11:42
FACE_875325,female,60-98,65.3604,2025-03-14 02:39:36,2025-03-14 02:40:01
FACE_56398,male,06-20,60.8489,2025-07-11 15:14:45,2025-07-11 15:15:15
FACE_151219,male,42-48,89.1894,2025-06-01 05:45:15,2025-06-01 05:45:22
FACE_855065,male,06-20,88.1973,2025-08-03 20:32:28,2025-08-03 20:32:40
FACE_29426,female,25-30,86.8263,2025-11-16 22:08:56,2025-11-16 22:09:02
FACE_669128,male,25-30,96.3843,2025-03-30 21:36:52,2025-03-30 21:37:16
FACE_132580,male,60-98,78.1241,2025-06-10 03:58:28,2025-06-10 03:58:39
FACE_233136,female,42-48,85.4687,2025-07-10 07:20:57,2025-07-10 07:21:11
FACE_729925,female,25-30,75.9959,2025-03-03 12:18:13,2025-03-03 12:18:30
FACE_137749,female,42-48,87.0505,2025-09-17 02:03:04,2025-09-17 02:03:06
FACE_106929,male,60-98,61.1895,2025-02-16 02:03:11,2025-02-16 02:03:34
FACE_812675,male,42-48,60.4169,2025-05-08 11:46:12,2025-05-08 11:46:27
FACE_736095,male,06-20,84.333,2025-02-11 14:31:23,2025-02-11 14:31:40
FACE_399440,male,60-98,76.5203,2025-03-16 20:25:00,2025-03-16 20:25:27
FACE_949062,female,25-30,84.6305,2025-12-05 14:39:06,2025-12-05 14:39:18
FACE_406711,female,25-30,91.6648,2025-01-28 08:09:29,2025-01-28 08:09:31
FACE_271432,female,60-98,91.2969,2025-03-25 06:58:05,2025-03-25 06:58:32
FACE_849346,male,25-30,64.1149,2025-09-28 15:44:20,2025-09-28 15:44:48
FACE_215926,female,06-20,79.4355,2025-11-16 14:47:33,2025-11-16 14:47:58
FACE_48648,female,42-48,63.5578,2025-10-09 08:31:29,2025-10-09 08:31:47
FACE_721484,female,06-20,71.6645,2025-09-30 19:09:50,2025-09-30 19:10:20
FACE_196135,male,42-48,95.8261,2025-09-22 21:32:25,2025-09-22 21:32:25
FACE_44561,male,06-20,71.747,2025-02-19 09:58:08,2025-02-19 09:58:12
FACE_186098,female,06-20,95.0376,2025-07-25 07:47:56,2025-07-25 07:48:02
FACE_780538,female,06-20,86.3494,2025-03-21 13:58:44,2025-03-21 13:59:12
FACE_575412,male,42-48,90.7018,2025-01-05 10:00:08,2025-01-05 10:00:33
FACE_844412,female,06-20,85.2539,2025-04-06 18:11:24,2025-04-06 18:11:40
FACE_375570,female,25-30,72.1279,2025-10-16 15:31:33,2025-10-16 15:31:43
FACE_591302,female,60-98,87.7644,2025-07-18 12:02:24,2025-07-18 12:02:35
FACE_320769,female,42-48,97.1755,2025-10-31 07:25:54,2025-10-31 07:25:57
FACE_738719,male,25-30,96.2195,2025-09-23 14:28:21,2025-09-23 14:28:21
FACE_874959,male,42-48,93.48,2025-01-13 02:26:49,2025-01-13 02:26:58
FACE_959121,female,60-98,63.112,2025-05-27 00:57:27,2025-05-27 00:57:49
FACE_160297,female,25-30,91.0004,2025-12-24 02:11:45,2025-12-24 02:12:09
FACE_959,female,25-30,84.2848,2025-11-22 04:28:09,2025-11-22 04:28:30
FACE_579069,female,25-30,85.0579,2025-12-30 12:49:00,2025-12-30 12:49:22
FACE_213374,female,42-48,67.7873,2025-04-11 15:36:20,2025-04-11 15:36:50
FACE_725744,male,25-30,67.9764,2025-03-26 17:59:12,2025-03-26 17:59:41
FACE_179946,female,25-30,85.4375,2025-09-16 22:20:33,2025-09-16 22:21:01
FACE_759456,female,25-30,78.7425,2025-05-26 14:31:09,2025-05-26 14:31:26
FACE_605470,male,06-20,89.704,2025-06-29 00:29:54,2025-06-29 00:29:59
FACE_900238,male,25-30,79.7135,2025-12-16 13:52:39,2025-12-16 13:52:46
FACE_457472,male,42-48,77.0407,2025-03-27 01:42:25,2025-03-27 01:42:37
FACE_259669,female,42-48,65.8548,2025-05-26 05:48:50,2025-05-26 05:49:14
FACE_475058,male,42-48,61.4264,2025-03-21 06:07:51,2025-03-21 06:08:02
FACE_710921,female,06-20,66.3602,2025-05-13 01:11:29,2025-05-13 01:11:42
FACE_363411,male,06-20,81.0852,2025-03-07 10:13:53,2025-03-07 10:14:15
FACE_99531,male,06-20,91.3719,2025-03-22 15:46:18,2025-03-22 15:46:43
FACE_676386,female,60-98,75.1875,2025-07-26 01:03:52,2025-07-26 01:04:06
FACE_441489,male,06-20,79.0513,2025-08-19 11:17:00,2025-08-19 11:17:17
FACE_29050,female,42-48,96.9841,2025-06-18 15:39:20,2025-06-18 15:39:48
FACE_922265,female,60-98,63.5924,2025-02-04 13:23:12,2025-02-04 13:23:13
FACE_662239,male,06-20,60.5746,2025-12-13 07:52:54,2025-12-13 07:52:54
FACE_506349,female,25-30,61.1363,2025-09-16 05:11:16,2025-09-16 05:11:25
FACE_855321,female,60-98,85.6626,2025-09-08 02:23:07,2025-09-08 02:23:31
FACE_235434,female,25-30,93.1436,2025-05-27 03:27:14,2025-05-27 03:27:42
FACE_738285,male,60-98,93.4606,2025-03-20 11:42:30,2025-03-20 11:42:45
FACE_652571,male,06-20,61.2201,2025-12-11 19:15:06,2025-12-11 19:15:11
FACE_254573,female,60-98,79.7449,2025-07-25 14:45:47,2025-07-25 14:45:59
FACE_369942,male,25-30,75.307,2025-05-31 13:46:05,2025-05-31 13:46:08
FACE_608471,female,60-98,85.9001,2025-08-03 02:00:34,2025-08-03 02:00:49
FACE_668051,male,25-30,84.1601,2025-12-18 06:21:03,2025-12-18 06:21:11
FACE_839894,female,42-48,91.5867,2025-12-01 22:25:47,2025-12-01 22:25:59
FACE_74426,male,42-48,67.4209,2025-10-19 02:37:09,2025-10-19 02:37:35
FACE_794067,male,06-20,90.0685,2025-07-30 13:56:09,2025-07-30 13:56:25
FACE_160709,female,25-30,63.3508,2025-12-10 15:23:44,2025-12-10 15:24:00
FACE_955612,male,60-98,90.4902,2025-06-09 23:50:00,2025-06-09 23:50:07
FACE_43939,male,60-98,76.8189,2025-06-14 18:17:07,2025-06-14 18:17:23
FACE_418020,female,42-48,75.9483,2025-02-05 22:27:58,2025-02-05 22:28:19
FACE_730912,female,06-20,86.7459,2025-09-11 00:32:09,2025-09-11 00:32:23
FACE_32170,male,06-20,96.1374,2025-05-13 13:56:32,2025-05-13 13:56:54
FACE_799476,female,60-98,82.0108,2025-06-08 15:52:32,2025-06-08 15:52:55
FACE_800250,male,25-30,70.471,2025-04-18 01:44:41,2025-04-18 01:44:48
FACE_779121,male,60-98,78.3141,2025-07-29 12:20:18,2025-07-29 12:20:31
FACE_594165,female,60-98,95.1092,2025-06-17 13:02:38,2025-06-17 13:03:07
FACE_979385,male,06-20,63.6599,2025-09-24 05:56:02,2025-09-24 05:56:15
FACE_452805,female,60-98,84.2179,2025-12-11 10:49:32,2025-12-11 10:49:48
FACE_212087,female,42-48,62.4638,2025-03-07 21:20:38,2025-03-07 21:20:59
FACE_761568,female,06-20,72.4155,2025-10-13 10:58:42,2025-10-13 10:59:01
FACE_29757,male,25-30,65.3828,2025-06-25 08:39:05,2025-06-25 08:39:05
FACE_173215,female,60-98,73.0262,2025-09-04 19:31:54,2025-09-04 19:32:22
FACE_462047,female,60-98,77.8038,2025-07-25 06:30:16,2025-07-25 06:30:25
FACE_410773,male,06-20,94.5026,2025-01-18 22:42:59,2025-01-18 22:43:03
FACE_72745,male,25-30,71.6644,2025-01-23 16:56:27,2025-01-23 16:56:49
FACE_251780,female,06-20,76.5718,2025-06-30 15:19:32,2025-06-30 15:20:02
FACE_257332,male,60-98,73.4587,2025-08-26 11:59:42,2025-08-26 11:59:50
FACE_623226,female,25-30,78.1128,2025-10-23 00:46:57,2025-10-23 00:47:22
FACE_711571,male,25-30,94.3136,2025-07-25 15:31:24,2025-07-25 15:31:40
FACE_373176,female,06-20,69.0301,2025-08-09 07:31:57,2025-08-09 07:32:11